{
    "best_dev_bpp_B": 4.88660841237231, 
    "best_test_mse_A": 0.11048681578702396, 
    "best_dev_mse_A": 0.12734967842698097, 
    "best_test_bpp_B": 4.861730676044058
}